,Unnamed: 0,study,treat1,treat2,n1,n2,y1,y2,age1,age2,male1,male2,female1,female2,follow_up1,follow_up2,TE,seTE
0,0,"Aglietti et al., 2004",BPTB,HT,60,60,0,0,25.0,25.0,46,46.0,14.0,14.0,24.0,24.0,,inf
1,1,"Anderson et al., 2001",BPTB,HT,35,70,15,27,23.6,21.0,23,45.0,12.0,23.0,34.6,35.8,1.194,0.42066556509559
2,2,"Beynnon et al., 2002",BPTB,HT,22,22,6,1,28.5,29.9,18,13.0,10.0,15.0,36.0,36.0,7.875,1.1299494299683126
3,3,"Bi et al., 2018",HT,PLT,62,62,1,0,27.9,29.1,31,34.0,31.0,28.0,30.3,29.7,inf,inf
4,4,"Björnsson et al., 2016",BPTB,HT,60,86,12,13,28.2,26.8,42,53.0,19.0,33.0,202.6,191.9,1.404,0.4413483586994857
5,5,"Eriksson et al., 2001",BPTB,HT,42,47,0,0,27.0,27.0,0,0.0,0.0,0.0,6.7,6.7,,inf
6,6,"Feller & Webster, 2003",BPTB,HT,42,47,0,0,25.8,26.3,23,24.0,8.0,10.0,36.0,36.0,,inf
7,7,"Guglielmetti et al., 2021",BPTB,HT,31,31,2,1,25.2,24.6,23,19.0,8.0,12.0,24.0,24.0,2.069,1.2521246311585852
8,8,"Harilainen et al., 2006",BPTB,HT,37,37,0,1,0.0,0.0,0,0.0,0.0,0.0,60.6,60.6,0.0,inf
9,9,"Heijne & Werner, 2010",BPTB,HT,30,29,3,8,29.0,30.0,22,14.0,12.0,20.0,24.7,24.7,0.292,0.7368781568138778
10,10,"Horstmann et al., 2022",HT,QT,26,23,0,0,32.7,24.1,12,21.0,15.0,3.0,24.0,24.0,,inf
11,11,"Ibrahim et al., 2005",BPTB,HT,40,45,0,0,22.3,22.3,40,46.0,0.0,0.0,81.0,81.0,,inf
12,12,"Jansson et al., 2003",BPTB,HT,43,46,0,0,0.0,0.0,0,0.0,0.0,0.0,24.0,24.0,,inf
13,13,"Laoruengthana et al., 2009",BPTB,HT,15,13,0,0,29.9,28.7,0,0.0,0.0,0.0,19.0,19.0,,inf
14,14,"Lawhorn et al., 2012",HT,TA,54,48,1,0,32.0,33.0,32,38.0,22.0,10.0,24.0,24.0,inf,inf
15,15,"Li et al., 2015",HT,TA,32,32,0,1,29.8,30.5,17,15.0,15.0,17.0,69.6,73.2,0.0,inf
16,16,"Lind et al., 2020",HT,QT,49,47,0,0,27.1,27.2,25,29.0,24.0,21.0,24.0,24.0,,inf
17,17,"Malik et al., 2026",BPTB,QT,25,26,4,3,,,,,,,,,1.46,0.8212372628065205
18,18,"Noh et al., 2011",HT,AT,33,32,1,3,25.8,25.6,30,26.0,3.0,6.0,28.1,31.6,0.302,1.1828212426034725
19,19,"Pinczewski et al., 2007",BPTB,HT,53,58,0,0,25.0,24.0,48,47.0,42.0,43.0,120.0,120.0,,inf
20,20,"Popovic et al., 2024",BPTB,HT,38,33,1,3,27.0,27.0,`,0.0,0.0,0.0,228.0,228.0,0.27,1.1805480480241766
21,21,"Sajovic et al., 2018",BPTB,HT,24,24,0,0,45.5,42.5,15,13.0,9.0,11.0,204.0,204.0,,inf
22,22,"Yadav et al., 2025",HT,QT,36,33,1,0,30.1,28.7,32,30.0,4.0,3.0,12.0,12.0,inf,inf
23,23,"Yoo et al., 2017",HT,TA,68,64,2,3,30.0,24.0,61,59.0,7.0,5.0,32.8,34.5,0.616,0.9299883284793413
