,study,treat1,treat2,n1,n2,y1,y2,age1,age2,male1,male2,female1,female2,follow_up1,follow_up2
0,"Aglietti et al., 2004",BPTB,HT,60,60,10,11,25.0,25.0,46,46,14.0,14.0,24.0,24.0
1,"Anderson et al., 2001",BPTB,HT,35,70,18,36,23.6,21.0,23,45,12.0,23.0,34.6,35.8
2,"Beynnon et al., 2002",BPTB,HT,22,22,3,9,28.5,29.9,18,13,10.0,15.0,36.0,36.0
3,"Bi et al., 2018",HT,PLT,62,62,4,5,27.9,29.1,31,34,31.0,28.0,30.3,29.7
4,"Björnsson et al., 2016",BPTB,HT,60,86,26,28,28.2,26.8,42,53,19.0,33.0,202.6,191.9
5,"Eriksson et al., 2001",BPTB,HT,42,47,6,19,27.0,27.0,0,0,0.0,0.0,6.7,6.7
6,"Feller & Webster, 2003",BPTB,HT,42,47,2,9,25.8,26.3,23,24,8.0,10.0,36.0,36.0
7,"Guglielmetti et al., 2021",BPTB,HT,31,31,7,10,25.2,24.6,23,19,8.0,12.0,24.0,24.0
8,"Harilainen et al., 2006",BPTB,HT,37,37,4,4,0.0,0.0,0,0,0.0,0.0,60.6,60.6
9,"Heijne & Werner, 2010",BPTB,HT,30,29,13,22,29.0,30.0,22,14,12.0,20.0,24.7,24.7
10,"Horstmann et al., 2022",HT,QT,26,23,0,0,32.7,24.1,12,21,15.0,3.0,24.0,24.0
11,"Ibrahim et al., 2005",BPTB,HT,40,45,5,8,22.3,22.3,40,46,0.0,0.0,81.0,81.0
12,"Jansson et al., 2003",BPTB,HT,43,46,3,3,0.0,0.0,0,0,0.0,0.0,24.0,24.0
13,"Laoruengthana et al., 2009",BPTB,HT,15,13,2,2,29.9,28.7,0,0,0.0,0.0,19.0,19.0
14,"Lawhorn et al., 2012",HT,TA,54,48,6,4,32.0,33.0,32,38,22.0,10.0,24.0,24.0
15,"Li et al., 2015",HT,TA,32,32,4,9,29.8,30.5,17,15,15.0,17.0,69.6,73.2
16,"Lind et al., 2020",HT,QT,49,47,11,8,27.1,27.2,25,29,24.0,21.0,24.0,24.0
17,"Lund et al., 2014",BPTB,QT,25,26,4,10,31.0,30.0,15,17,3.0,4.0,24.0,24.0
18,"Malik et al., 2026",HT,PLT,25,25,4,3,28.1,27.8,18,17,7.0,8.0,6.0,6.0
19,"Noh et al., 2011",HT,AT,33,32,6,11,25.8,25.6,30,26,3.0,6.0,28.1,31.6
20,"Pinczewski et al., 2007",BPTB,HT,53,58,5,8,25.0,24.0,48,47,42.0,43.0,120.0,120.0
21,"Popovic et al., 2024",BPTB,HT,38,33,1,3,27.0,27.0,`,0,0.0,0.0,228.0,228.0
22,"Sajovic et al., 2018",BPTB,HT,24,24,5,6,45.5,42.5,15,13,9.0,11.0,204.0,204.0
23,"Yadav et al., 2025",HT,QT,36,33,5,0,30.1,28.7,32,30,4.0,3.0,12.0,12.0
24,"Yoo et al., 2017",HT,TA,68,64,26,33,30.0,24.0,61,59,7.0,5.0,32.8,34.5
