"","BPTB","HT","PLT","QT","TA"
"header","SMD","ci.lb","ci.ub","SMD","ci.lb"
"BPTB","0","0.375797279522624","0.594148761946916","0.514176890102817","0.737577170400101"
"HT","-0.375797279522624","0","0.218351482424292","0.138379610580193","0.361779890877476"
"PLT","-0.594148761946916","-0.218351482424292","0","-0.0799718718440995","0.143428408453184"
"QT","-0.514176890102817","-0.138379610580193","0.0799718718440995","0","0.223400280297284"
"TA","-0.737577170400101","-0.361779890877476","-0.143428408453184","-0.223400280297284","0"
"BPTB","0","0.160923700047153","0.0975936489322131","0.219392947723949","0.147881456599991"
"HT","-0.590670858998096","0","-0.229304998713246","-0.141664305305368","-0.187374349493677"
"PLT","-1.09070387496162","-0.66600796356183","0","-0.608006832740594","-0.565067678213539"
"QT","-0.808960832481685","-0.418423526465754","-0.448063089052395","0","-0.393037043801556"
"TA","-1.32727288420021","-0.91093413124863","-0.851924495119908","-0.839837604396124","0"
"BPTB","0","0.590670858998096","1.09070387496162","0.808960832481685","1.32727288420021"
"HT","-0.160923700047152","0","0.66600796356183","0.418423526465754","0.91093413124863"
"PLT","-0.0975936489322129","0.229304998713246","0","0.448063089052395","0.851924495119908"
"QT","-0.219392947723949","0.141664305305369","0.608006832740594","0","0.839837604396124"
"TA","-0.147881456599991","0.187374349493677","0.565067678213539","0.393037043801556","0"
