"","AT","BPTB","HT","PLT","QT","TA"
"header","SMD","ci.lb","ci.ub","SMD","ci.lb","ci.ub"
"AT","0","-0.544595899367635","-0.276000000000001","0.108733070175215","-0.0504221181721298","0.0987459422077627"
"BPTB","0.544595899367635","0","0.268595899367634","0.653328969542849","0.494173781195505","0.643341841575397"
"HT","0.276000000000001","-0.268595899367634","0","0.384733070175216","0.225577881827871","0.374745942207764"
"PLT","-0.108733070175215","-0.653328969542849","-0.384733070175216","0","-0.159155188347344","-0.00998712796745205"
"QT","0.0504221181721298","-0.494173781195505","-0.225577881827871","0.159155188347344","0","0.149168060379892"
"TA","-0.0987459422077627","-0.643341841575397","-0.374745942207764","0.00998712796745205","-0.149168060379892","0"
"AT","0","-1.28274959801543","-0.998270403943001","-0.790218175707134","-0.827085348694081","-0.767299035306259"
"BPTB","-0.193557799280167","0","0.116292431201453","0.0968802724674668","0.201822159199837","0.141788541236618"
"HT","-0.446270403942998","-0.420899367533814","0","-0.150466711272277","-0.0599588710303355","-0.103123670411908"
"PLT","-1.00768431605756","-1.20977766661823","-0.919932851622709","0","-0.765760532285438","-0.727481499183505"
"QT","-0.726241112349821","-0.786525403191173","-0.511114634686078","-0.447450155590749","0","-0.407510126634907"
"TA","-0.964790919721782","-1.14489514191418","-0.852615554827436","-0.707507243248601","-0.705846247394692","0"
"AT","0","0.193557799280165","0.446270403942999","1.00768431605756","0.726241112349821","0.964790919721784"
"BPTB","1.28274959801544","0","0.420899367533814","1.20977766661823","0.786525403191173","1.14489514191418"
"HT","0.998270403943001","-0.116292431201453","0","0.919932851622709","0.511114634686078","0.852615554827436"
"PLT","0.790218175707134","-0.0968802724674668","0.150466711272277","0","0.447450155590749","0.707507243248601"
"QT","0.82708534869408","-0.201822159199837","0.0599588710303355","0.765760532285438","0","0.705846247394692"
"TA","0.767299035306257","-0.141788541236618","0.103123670411908","0.727481499183505","0.407510126634907","0"
